idx,content_name,content_type,content_owner,content_year,content_path,copyright_notice
0,Beautyland (Marie-Helene Bertino).txt,book,,2024,data/book/2024/Beautyland (Marie-Helene Bertino).txt,"The author and publisher have provided this e-book to you for your personal use only. You may not make this e-book publicly available in any way. Copyright infringement is against the law. If you believe the copy of this e-book you are reading infringes on the author’s copyright, please notify the publisher at: us.macmillanusa.com/piracy."
1,"Everyone Who Is Gone Is Here The United States, Central America, and the Making of a Crisis (Jonathan Blitzer).txt",book,,2024,"data/book/2024/Everyone Who Is Gone Is Here The United States, Central America, and the Making of a Crisis (Jonathan Blitzer).txt",Copyright © 2024 by Jonathan Blitzer
2,James A Novel (Percival Everett).txt,book,,2024,data/book/2024/James A Novel (Percival Everett).txt,"Copyright © 2024 by Percival Everett
All rights reserved. Published in the United States by Doubleday, a division of Penguin Random House LLC, New York, and distributed in Canada by Penguin Random House Canada Limited, Toronto."
3,Martyr (Kaveh Akbar).txt,book,,2024,data/book/2024/Martyr (Kaveh Akbar).txt,"Copyright © 2024 by Kaveh Akbar
All rights reserved. Published in the United States by Alfred A. Knopf, a division of Penguin Random House LLC, New York, and distributed in Canada by Penguin Random House Canada Limited, Toronto."
4,"The Wide Wide Sea Imperial Ambition, First Contact and the Fateful Final Voyage of Captain James Cook (Hampton Sides).txt",book,,2024,"data/book/2024/The Wide Wide Sea Imperial Ambition, First Contact and the Fateful Final Voyage of Captain James Cook (Hampton Sides).txt",Copyright © 2024 by Hampton Sides
5,"A Prayer for the Dying (O'Nan, Stewart).txt",book,,old,"data/book/old/A Prayer for the Dying (O'Nan, Stewart).txt","Copyright © 1999 by Stewart O’Nan. All rights reserved. For information, address Picador, 175 Fifth Avenue, New York, N.Y. 10010."
6,Four Ways to Forgiveness (Ursula K. Le Guin).txt,book,,old,data/book/old/Four Ways to Forgiveness (Ursula K. Le Guin).txt,"“Betrayals,” copyright © 1994 by Ursula K. Le Guin; first appeared in Blue Motel.
  “Forgiveness Day,” copyright © 1994 by Ursula K. Le Guin; first appeared in Asimov’s.
  “A Man of the People,” copyright © 1994 by Ursula K. Le Guin; first appeared in Asimov’s. “A Woman of Liberation,” copyright © 1994 by Ursula K. Le Guin; first appeared in Asimov’s.
This book is a work of fiction. The characters, incidents, and dialogue are drawn from the author’s imagination and are not to be construed as real. Any resemblance to actual events or persons, living or dead, is entirely coincidental.
A hardcover edition of this book was published in 1995 by HarperPrism.
FOUR WAYS TO FORGIVENESS. Copyright © 1995 by Ursula K. Le Guin. All rights reserved. Printed in the United States of America. No part of this book may be used of reproduced in any manner whatsoever without written permission except in the case of brief quotations embodied in critical articles and review. For information address HarperCollins Publishers Inc., 10 East 53rd Street, New York, NY 10022.
HarperCollins books may be purchased for educational, business, or sales promotional use. For information please write: Special Markets Department, HarperCollins Publishers Inc., 10 East 53rd Street, New York, NY 10022.
First Perennial edition published 2004."
7,The Prophets (Robert Jones Jr.).txt,book,,old,data/book/old/The Prophets (Robert Jones Jr.).txt,"Copyright © 2021 by Robert Jones, Jr."
8,When We Were Orphans (Kazuo Ishiguro).txt,book,,old,data/book/old/When We Were Orphans (Kazuo Ishiguro).txt,"Copyright © 2000 by Kazuo Ishiguro
All rights reserved under International and Pan-American Copyright Conventions. Published in the United States by Alfred A. Knopf, a division of Random House, Inc., New York. Distributed by Random House, Inc., New York."
9,Worlds Fair (E. L. Doctorow).txt,book,,old,data/book/old/Worlds Fair (E. L. Doctorow).txt,"Copyright © 1985 by E. L. DoctorowAll rights reserved.Published in the United States by Random House Trade Paperbacks,an imprint of The Random House Publishing Group,a division of Random House, Inc., New York.RANDOM HOUSE TRADE PAPERBACKS and colophon are trademarks of Random House, Inc.RANDOM HOUSE READER’S CIRCLE and colophon are trademarks of Random House, Inc.Originally published in hardcover in the United States by Random House,an imprint of The Random House Publishing Group,a division of Random House, Inc., in 1985.Grateful acknowledgment is made to CBS Robbins Catalog Inc. for permission to reprint excerpts from the following songs:“Deep Purple” by Mitchell Parish and Peter DeRose, Copyright 1939. Renewed 1967 Robbins Music Corporation. Rights Assigned to CBS Catalogue Partnership. All Rights Controlled and Administered by CBS Robbins Catalog Inc. All Rights Reserved. International Copyright Secured. Used by Permission.“Stairway to the Stars” by Mitchell Parish, Matt Malneck, and Frank Signorelli, Copyright 1939. Renewed 1967 Robbins Music Corporation. Rights assigned to CBS Catalog Partnership. All Rights Controlled and Administered by CBS Robbins Catalog Inc. All Rights Reserved. International Copyright Secured. Used by Permission.Library of Congress Cataloging in Publication DataDoctorow, E. L.World’s fair : a novel / E. L. Doctorowp."
10,$60m collection of rare cars and sneakers going on auction.txt,news,BBC,2024,data/news/BBC/$60m collection of rare cars and sneakers going on auction.txt,Copyright 2024 BBC. All rights reserved.
11,"Boeing must show 'systemic change' after latest crisis, says regulator.txt",news,BBC,2024,"data/news/BBC/Boeing must show 'systemic change' after latest crisis, says regulator.txt",Copyright 2024 BBC. All rights reserved.
12,Prostate cancer hopes raised after at-home spit test trials.txt,news,BBC,2024,data/news/BBC/Prostate cancer hopes raised after at-home spit test trials.txt,Copyright 2024 BBC. All rights reserved.
13,Turkey's new Mesopotamia Express takes visitors through the country's rich history.txt,news,BBC,2024,data/news/BBC/Turkey's new Mesopotamia Express takes visitors through the country's rich history.txt,Copyright 2024 BBC. All rights reserved.
14,"Wordle locked in legal row with geography spinoff, Worldle.txt",news,BBC,2024,"data/news/BBC/Wordle locked in legal row with geography spinoff, Worldle.txt",Copyright 2024 BBC. All rights reserved.
15,Bruhat Soma Electric Tiebreaking Performance Earns Spelling Bee Championship - The New York Times.txt,news,NYT,2024,data/news/NYT/Bruhat Soma Electric Tiebreaking Performance Earns Spelling Bee Championship - The New York Times.txt,© 2024 The New York Times Company
16,Fox News and MSNBC Notch Rating Wins After Trump Verdict - The New York Times.txt,news,NYT,2024,data/news/NYT/Fox News and MSNBC Notch Rating Wins After Trump Verdict - The New York Times.txt,© 2024 The New York Times Company
17,Google A.I. Search Leaves Publishers Scrambling - The New York Times.txt,news,NYT,2024,data/news/NYT/Google A.I. Search Leaves Publishers Scrambling - The New York Times.txt,© 2024 The New York Times Company
18,Minnesota Democrats Call on State Senator Charged With Burglary to Resign - The New York Times.txt,news,NYT,2024,data/news/NYT/Minnesota Democrats Call on State Senator Charged With Burglary to Resign - The New York Times.txt,© 2024 The New York Times Company
19,The Only Ice Cream Recipe You'll Ever Need - The New York Times.txt,news,NYT,2024,data/news/NYT/The Only Ice Cream Recipe You'll Ever Need - The New York Times.txt,© 2024 The New York Times Company
20,"Cleaner shipping fuel is contributing to ocean warming, scientists say _ Reuters.txt",news,Reuters,2024,"data/news/Reuters/Cleaner shipping fuel is contributing to ocean warming, scientists say _ Reuters.txt",© 2024 Reuters. All rights reserved
21,House Dems urge NLRB probe of Google's alleged union busting _ Reuters.txt,news,Reuters,2024,data/news/Reuters/House Dems urge NLRB probe of Google's alleged union busting _ Reuters.txt,© 2024 Reuters. All rights reserved
22,PwC to become OpenAI's largest enterprise customer amid genAI boom _ Reuters.txt,news,Reuters,2024,data/news/Reuters/PwC to become OpenAI's largest enterprise customer amid genAI boom _ Reuters.txt,© 2024 Reuters. All rights reserved
23,Robots play soccer at Geneva AI showcase _ Reuters.txt,news,Reuters,2024,data/news/Reuters/Robots play soccer at Geneva AI showcase _ Reuters.txt,© 2024 Reuters. All rights reserved
24,"Wegovy maker Novo Nordisk sues nine spas, clinics and pharmacies over copycat drugs _ Reuters.txt",news,Reuters,2024,"data/news/Reuters/Wegovy maker Novo Nordisk sues nine spas, clinics and pharmacies over copycat drugs _ Reuters.txt",© 2024 Reuters. All rights reserved
25,amp_examples.rst.txt,doc,,old,data/doc/amp_examples.rst.txt,"© Copyright 2023, PyTorch Contributors.
"
26,BERT.txt,doc,,old,data/doc/BERT.txt,Copyright 2018- The Hugging Face team. All rights reserved.
27,functional_api_tf.txt,doc,,old,data/doc/functional_api_tf.txt,"Except as otherwise noted, the content of this page is licensed under the Creative Commons Attribution 4.0 License, and code samples are licensed under the Apache 2.0 License. For details, see the Google Developers Site Policies. Java is a registered trademark of Oracle and/or its affiliates.
"
28,pandas.read_json — pandas 2.2.2 documentation.txt,doc,,old,data/doc/pandas.read_json — pandas 2.2.2 documentation.txt,"© 2024, pandas via NumFOCUS, Inc. Hosted by OVHcloud."
29,The N-dimensional array (ndarray) — NumPy v1.26 Manual.txt,doc,,old,data/doc/The N-dimensional array (ndarray) — NumPy v1.26 Manual.txt,© Copyright 2008-2022 NumPy. All rights reserved.
30,3 10 to Yuma_0381849.txt,scripts,,old,data/scripts/3 10 to Yuma_0381849.txt,Tree Line Film Copyright 2006
31,About Time_2194499.txt,scripts,,old,data/scripts/About Time_2194499.txt,© 2012 Working Title Films Limited. All Rights Reserved.
32,Being Human_0106379.txt,scripts,,old,data/scripts/Being Human_0106379.txt,© 1992 WARNER BROS. INC. All Rights Reserved
33,Big Trouble in Little China_0090728.txt,scripts,,old,data/scripts/Big Trouble in Little China_0090728.txt,"Copyright © 1995
 Registered WGA,w
 All Rights Reserved"
34,Black Hawk Down_0265086.txt,scripts,,old,data/scripts/Black Hawk Down_0265086.txt,"Copyright © 2002
 by Revolution Studios"
35,Body Bags_0106449.txt,scripts,,old,data/scripts/Body Bags_0106449.txt,Copyright ©2001 David Ghesmete
36,Ender s Game_1731141.txt,scripts,,old,data/scripts/Ender s Game_1731141.txt,Copyright © 1999 by Orson Scott Card All rights reserved
37,Enough Said_2390361.txt,scripts,,old,data/scripts/Enough Said_2390361.txt,"© 2012 WILLOW AND OAK, INC. ALL RIGHTS RESERVED. NO PORTION OF THIS SCRIPT MAY BE
 PERFORMED, PUBLISHED, REPRODUCED, SOLD OR DISTRIBUTED BY ANY MEANS, OR QUOTED OR
 PUBLISHED IN ANY MEDIUM, INCLUDING ANY WEB SITE, WITHOUT THE PRIOR WRITTEN CONSENT
 OF WILLOW AND OAK, INC. DISPOSAL OF THIS SCRIPT COPY DOES NOT ALTER ANY OF THE
 RESTRICTIONS SET FORTH ABOVE."
38,Finding Nemo_0266543.txt,scripts,,old,data/scripts/Finding Nemo_0266543.txt,"Copyright 2003 Walt Disney Pictures, Pixar Animation Studios"
39,Gone Girl_2267998.txt,scripts,,old,data/scripts/Gone Girl_2267998.txt,"ALL RIGHTS RESERVED. COPYRIGHT ©2014 TWENTIETH CENTURY FOX FILM
 CORPORATION. NO PORTION OF THIS SCRIPT MAY BE PERFORMED, PUBLISHED,
 REPRODUCED, SOLD OR DISTRIBUTED BY ANY MEANS, OR QUOTED OR PUBLISHED
 IN ANY MEDIUM, INCLUDING ON ANY WEB SITE, WITHOUT THE PRIOR WRITTEN
 CONSENT OF TWENTIETH CENTURY FOX FILM CORPORATION. DISPOSAL OF THIS
 SCRIPT COPY DOES NOT ALTER ANY OF THE RESTRICTIONS SET FORTH ABOVE."